Workbook

Sheet 要点
A1: PC-TBD 与 VIT–LPS+模块的对比：要点
A2: 数字由其他工作表的公式实时计算；蓝色字为从仓库 CSV 或修订稿直接取的值。
A4: # | B4: 发现 | C4: 依据（实时数值） | D4: 对论文的含义
A5: 1 | B5: 总平均差距全部来自"至少一个前端没跟住"的记录。 | C5: ="两者都跟住 "&TEXT(跟住分组!B5,"0")&" 条（"&TEXT(跟住分组!C5,"0.0%")&"）：VIT–LPS+模块 "&TEXT(跟住分组!D5,"0.000")&"，PC-TBD "&TEXT(跟住分组!E5,"0.000")&"；该组占总差距 "&TEXT(跟住分组!I5,"0%") -> 两者都跟住 1169 条（83.5%）：VIT–LPS+模块 0.836，PC-TBD 0.836；该组占总差距 0% | D5: 跟住条件下两条路等效；表 4 可从反例改写为支撑证据。
A6: 2 | B6: 跟住时的差别取决于场景。 | C6: ="无干扰：模块链路高 "&TEXT(分场景与信噪比!E6,"0.000")&"；局部干扰：PC-TBD 高 "&TEXT(-分场景与信噪比!E8,"0.000")&"（种子成簇重抽样 95% 区间见该表）" -> 无干扰：模块链路高 0.018；局部干扰：PC-TBD 高 0.020（种子成簇重抽样 95% 区间见该表） | D6: 局部干扰下 PC-TBD 略优，正文需如实报告。
A7: 3 | B7: 无干扰场景下，PC-TBD 的优势在捕获线谱。 | C7: ="无干扰 −20 dB：VIT–LPS 跟住 "&TEXT(分场景与信噪比!H14,"0%")&"，PC-TBD 跟住 "&TEXT(分场景与信噪比!I14,"0%")&"；仅 PC-TBD 跟住的 "&TEXT(跟住分组!B6,"0")&" 条上差 "&TEXT(-跟住分组!F6,"0.00") -> 无干扰 −20 dB：VIT–LPS 跟住 17%，PC-TBD 跟住 82%；仅 PC-TBD 跟住的 79 条上差 0.54 | D7: ="这是 TBD 的检测跟踪能力，不在模块作用范围内。但局部干扰、−20 dB 时反而是 VIT–LPS 跟住更多（"&TEXT(分场景与信噪比!H21,"0%")&" vs "&TEXT(分场景与信噪比!I21,"0%")&"），捕获优势不能一概而论。" -> 这是 TBD 的检测跟踪能力，不在模块作用范围内。但局部干扰、−20 dB 时反而是 VIT–LPS 跟住更多（55% vs 27%），捕获优势不能一概而论。
A8: 4 | B8: 实测结果与仿真一致。 | C8: ="100 Hz 五段差值 "&TEXT(MIN(实测对比!F5:F9),"0.00")&" 至 "&TEXT(MAX(实测对比!F5:F9),"+0.00")&" dB；121、133 Hz（VIT 丢线）PC-TBD 高 "&TEXT(-实测对比!F11,"0.0")&"、"&TEXT(-实测对比!F10,"0.0")&" dB" -> 100 Hz 五段差值 -0.42 至 +0.05 dB；121、133 Hz（VIT 丢线）PC-TBD 高 10.2、6.0 dB | D8: 跟住时等效、丢线时 PC-TBD 占优，与仿真分解相同。
A9: 5 | B9: 论文中的 PC-TBD 依赖本文自加的相位差频率读出。 | C9: 开发记录上，按状态网格读出的合并 η 中位数 0.276，改用相位差读出后 0.684（修订稿附录 B.3）。 | D9: "现成 PC-TBD 即可给出适合长时积累的轨迹"不成立；它同样靠相位信息定频率，与本文核心论点一致。
A10: 6 | B10: 耗时：PC-TBD 链路更省。 | C10: ="300 s 记录中位耗时：VIT–LPS+模块 "&TEXT(耗时!D5,"0.00")&" s，PC-TBD "&TEXT(耗时!D7,"0.00")&" s" -> 300 s 记录中位耗时：VIT–LPS+模块 2.98 s，PC-TBD 0.81 s | D10: 两者都远小于记录时长，耗时不是决定性因素，但不能作为模块的卖点。
A11: 7 | B11: 积累时长下与 PC-TBD 的比较是空白。 | C11: X1 时长实验只含 LPS、固定 ±0.02 Hz、不设幅度界和自适应扩张四种方法，没有 PC-TBD。 | D11: 可能是模块独有优势的方向（整段相干 vs 相邻 8 s 块），属猜测，需新实验验证。

Sheet 跟住分组
A1: 按"前端是否跟住线谱"分组（跨前端实验 X2，1400 条记录）
A2: 跟住判据（仓库 input_usable）：去掉平均偏差后，≥90% 时间与真实轨迹相差 ≤0.1 Hz。分组用到仿真真值，属事后分解。
A4: 分组 | B4: 记录数 | C4: 占比 | D4: VIT–LPS+模块 η | E4: PC-TBD η | F4: 差值（模块链路 − PC-TBD） | G4: 模块链路高 >0.01 的比例 | H4: PC-TBD 高 >0.01 的比例 | I4: 占总差距的份额
A5: 两者都跟住 | B5: =COUNTIF(逐记录数据!$K$2:$K$1401,A5) -> 1169 | C5: =B5/$B$9 -> 0.835 | D5: =AVERAGEIFS(逐记录数据!$F$2:$F$1401,逐记录数据!$K$2:$K$1401,A5) -> 0.83579126 | E5: =AVERAGEIFS(逐记录数据!$G$2:$G$1401,逐记录数据!$K$2:$K$1401,A5) -> 0.83592278 | F5: =D5-E5 -> -0.00013152258 | G5: =COUNTIFS(逐记录数据!$K$2:$K$1401,A5,逐记录数据!$L$2:$L$1401,">0.01")/B5 -> 0.24294269 | H5: =COUNTIFS(逐记录数据!$K$2:$K$1401,A5,逐记录数据!$L$2:$L$1401,"<-0.01")/B5 -> 0.30795552 | I5: =SUMIFS(逐记录数据!$L$2:$L$1401,逐记录数据!$K$2:$K$1401,A5)/SUM(逐记录数据!$L$2:$L$1401) -> 0.0033167456
A6: 仅 PC-TBD 跟住 | B6: =COUNTIF(逐记录数据!$K$2:$K$1401,A6) -> 79 | C6: =B6/$B$9 -> 0.056428571 | D6: =AVERAGEIFS(逐记录数据!$F$2:$F$1401,逐记录数据!$K$2:$K$1401,A6) -> 0.037097547 | E6: =AVERAGEIFS(逐记录数据!$G$2:$G$1401,逐记录数据!$K$2:$K$1401,A6) -> 0.57442155 | F6: =D6-E6 -> -0.537324 | G6: =COUNTIFS(逐记录数据!$K$2:$K$1401,A6,逐记录数据!$L$2:$L$1401,">0.01")/B6 -> 0.012658228 | H6: =COUNTIFS(逐记录数据!$K$2:$K$1401,A6,逐记录数据!$L$2:$L$1401,"<-0.01")/B6 -> 0.98734177 | I6: =SUMIFS(逐记录数据!$L$2:$L$1401,逐记录数据!$K$2:$K$1401,A6)/SUM(逐记录数据!$L$2:$L$1401) -> 0.91571573
A7: 仅 VIT-LPS 跟住 | B7: =COUNTIF(逐记录数据!$K$2:$K$1401,A7) -> 82 | C7: =B7/$B$9 -> 0.058571429 | D7: =AVERAGEIFS(逐记录数据!$F$2:$F$1401,逐记录数据!$K$2:$K$1401,A7) -> 0.50992758 | E7: =AVERAGEIFS(逐记录数据!$G$2:$G$1401,逐记录数据!$K$2:$K$1401,A7) -> 0.47396923 | F7: =D7-E7 -> 0.035958358 | G7: =COUNTIFS(逐记录数据!$K$2:$K$1401,A7,逐记录数据!$L$2:$L$1401,">0.01")/B7 -> 0.59756098 | H7: =COUNTIFS(逐记录数据!$K$2:$K$1401,A7,逐记录数据!$L$2:$L$1401,"<-0.01")/B7 -> 0.31707317 | I7: =SUMIFS(逐记录数据!$L$2:$L$1401,逐记录数据!$K$2:$K$1401,A7)/SUM(逐记录数据!$L$2:$L$1401) -> -0.063607897
A8: 都没跟住 | B8: =COUNTIF(逐记录数据!$K$2:$K$1401,A8) -> 70 | C8: =B8/$B$9 -> 0.05 | D8: =AVERAGEIFS(逐记录数据!$F$2:$F$1401,逐记录数据!$K$2:$K$1401,A8) -> 0.23344526 | E8: =AVERAGEIFS(逐记录数据!$G$2:$G$1401,逐记录数据!$K$2:$K$1401,A8) -> 0.32918651 | F8: =D8-E8 -> -0.09574125 | G8: =COUNTIFS(逐记录数据!$K$2:$K$1401,A8,逐记录数据!$L$2:$L$1401,">0.01")/B8 -> 0.22857143 | H8: =COUNTIFS(逐记录数据!$K$2:$K$1401,A8,逐记录数据!$L$2:$L$1401,"<-0.01")/B8 -> 0.74285714 | I8: =SUMIFS(逐记录数据!$L$2:$L$1401,逐记录数据!$K$2:$K$1401,A8)/SUM(逐记录数据!$L$2:$L$1401) -> 0.14457542
A9: 全部 | B9: =COUNT(逐记录数据!$F$2:$F$1401) -> 1400 | C9: =B9/$B$9 -> 1 | D9: =AVERAGE(逐记录数据!$F$2:$F$1401) -> 0.74151851 | E9: =AVERAGE(逐记录数据!$G$2:$G$1401) -> 0.77462969 | F9: =D9-E9 -> -0.033111177 | G9: =COUNTIF(逐记录数据!$L$2:$L$1401,">0.01")/B9 -> 0.25 | H9: =COUNTIF(逐记录数据!$L$2:$L$1401,"<-0.01")/B9 -> 0.36857143 | I9: =SUM(I5:I8) -> 1
A11: 注：每个场景×信噪比单元均为 100 条，记录加权平均与论文的等权单元平均相同（全部：0.742 / 0.775）。

Sheet 分场景与信噪比
A1: 分场景比较与逐信噪比明细
A3: (a) 分场景：全部记录 vs 两者都跟住
A4: 场景 | B4: 子集 | C4: 记录数 | D4: VIT–LPS+模块 η | E4: 差值（模块链路 − PC-TBD） | F4: PC-TBD η | G4: 95% 区间下限 | H4: 95% 区间上限
A5: S0 | B5: 全部 | C5: =COUNTIF(逐记录数据!$A$2:$A$1401,A5) -> 700 | D5: =AVERAGEIFS(逐记录数据!$F$2:$F$1401,逐记录数据!$A$2:$A$1401,A5) -> 0.81154075 | E5: =D5-F5 -> -0.049853953 | F5: =AVERAGEIFS(逐记录数据!$G$2:$G$1401,逐记录数据!$A$2:$A$1401,A5) -> 0.8613947 | G5: -0.0617 | H5: -0.0384
A6: S0 | B6: 两者都跟住 | C6: =COUNTIFS(逐记录数据!$A$2:$A$1401,A6,逐记录数据!$K$2:$K$1401,B6) -> 604 | D6: =AVERAGEIFS(逐记录数据!$F$2:$F$1401,逐记录数据!$A$2:$A$1401,A6,逐记录数据!$K$2:$K$1401,B6) -> 0.93302488 | E6: =D6-F6 -> 0.018154236 | F6: =AVERAGEIFS(逐记录数据!$G$2:$G$1401,逐记录数据!$A$2:$A$1401,A6,逐记录数据!$K$2:$K$1401,B6) -> 0.91487065 | G6: 0.0121 | H6: 0.0237
A7: S2 | B7: 全部 | C7: =COUNTIF(逐记录数据!$A$2:$A$1401,A7) -> 700 | D7: =AVERAGEIFS(逐记录数据!$F$2:$F$1401,逐记录数据!$A$2:$A$1401,A7) -> 0.67149627 | E7: =D7-F7 -> -0.016368401 | F7: =AVERAGEIFS(逐记录数据!$G$2:$G$1401,逐记录数据!$A$2:$A$1401,A7) -> 0.68786467 | G7: -0.0215 | H7: -0.0111
A8: S2 | B8: 两者都跟住 | C8: =COUNTIFS(逐记录数据!$A$2:$A$1401,A8,逐记录数据!$K$2:$K$1401,B8) -> 565 | D8: =AVERAGEIFS(逐记录数据!$F$2:$F$1401,逐记录数据!$A$2:$A$1401,A8,逐记录数据!$K$2:$K$1401,B8) -> 0.73184593 | E8: =D8-F8 -> -0.019679484 | F8: =AVERAGEIFS(逐记录数据!$G$2:$G$1401,逐记录数据!$A$2:$A$1401,A8,逐记录数据!$K$2:$K$1401,B8) -> 0.75152541 | G8: -0.0241 | H8: -0.0153
A9: S0 = 无干扰；S2 = 局部邻频干扰（+0.18 Hz，持续 20 s）。区间为 Python 计算后填入的固定值（见 G5 批注），不随数据表变化。
A12: (b) 逐场景×信噪比
A13: 场景 | B13: 信噪比/dB | C13: VIT–LPS 修正前 η | D13: VIT–LPS+模块 η | E13: PC-TBD η | F13: PC-TBD+模块 η | G13: 差值（模块链路 − PC-TBD） | H13: VIT–LPS 跟住比例 | I13: PC-TBD 跟住比例
A14: S0 | B14: -20 | C14: =AVERAGEIFS(逐记录数据!$E$2:$E$1401,逐记录数据!$A$2:$A$1401,$A14,逐记录数据!$B$2:$B$1401,$B14) -> 0.079866098 | D14: =AVERAGEIFS(逐记录数据!$F$2:$F$1401,逐记录数据!$A$2:$A$1401,$A14,逐记录数据!$B$2:$B$1401,$B14) -> 0.14068456 | E14: =AVERAGEIFS(逐记录数据!$G$2:$G$1401,逐记录数据!$A$2:$A$1401,$A14,逐记录数据!$B$2:$B$1401,$B14) -> 0.5224618 | F14: =AVERAGEIFS(逐记录数据!$H$2:$H$1401,逐记录数据!$A$2:$A$1401,$A14,逐记录数据!$B$2:$B$1401,$B14) -> 0.53412414 | G14: =D14-E14 -> -0.38177724 | H14: =AVERAGEIFS(逐记录数据!$I$2:$I$1401,逐记录数据!$A$2:$A$1401,$A14,逐记录数据!$B$2:$B$1401,$B14) -> 0.17 | I14: =AVERAGEIFS(逐记录数据!$J$2:$J$1401,逐记录数据!$A$2:$A$1401,$A14,逐记录数据!$B$2:$B$1401,$B14) -> 0.82
A15: S0 | B15: -18 | C15: =AVERAGEIFS(逐记录数据!$E$2:$E$1401,逐记录数据!$A$2:$A$1401,$A15,逐记录数据!$B$2:$B$1401,$B15) -> 0.4182793 | D15: =AVERAGEIFS(逐记录数据!$F$2:$F$1401,逐记录数据!$A$2:$A$1401,$A15,逐记录数据!$B$2:$B$1401,$B15) -> 0.72793239 | E15: =AVERAGEIFS(逐记录数据!$G$2:$G$1401,逐记录数据!$A$2:$A$1401,$A15,逐记录数据!$B$2:$B$1401,$B15) -> 0.74734007 | F15: =AVERAGEIFS(逐记录数据!$H$2:$H$1401,逐记录数据!$A$2:$A$1401,$A15,逐记录数据!$B$2:$B$1401,$B15) -> 0.75547736 | G15: =D15-E15 -> -0.01940768 | H15: =AVERAGEIFS(逐记录数据!$I$2:$I$1401,逐记录数据!$A$2:$A$1401,$A15,逐记录数据!$B$2:$B$1401,$B15) -> 0.9 | I15: =AVERAGEIFS(逐记录数据!$J$2:$J$1401,逐记录数据!$A$2:$A$1401,$A15,逐记录数据!$B$2:$B$1401,$B15) -> 0.97
A16: S0 | B16: -16 | C16: =AVERAGEIFS(逐记录数据!$E$2:$E$1401,逐记录数据!$A$2:$A$1401,$A16,逐记录数据!$B$2:$B$1401,$B16) -> 0.67312658 | D16: =AVERAGEIFS(逐记录数据!$F$2:$F$1401,逐记录数据!$A$2:$A$1401,$A16,逐记录数据!$B$2:$B$1401,$B16) -> 0.91713641 | E16: =AVERAGEIFS(逐记录数据!$G$2:$G$1401,逐记录数据!$A$2:$A$1401,$A16,逐记录数据!$B$2:$B$1401,$B16) -> 0.88942454 | F16: =AVERAGEIFS(逐记录数据!$H$2:$H$1401,逐记录数据!$A$2:$A$1401,$A16,逐记录数据!$B$2:$B$1401,$B16) -> 0.89557326 | G16: =D16-E16 -> 0.027711873 | H16: =AVERAGEIFS(逐记录数据!$I$2:$I$1401,逐记录数据!$A$2:$A$1401,$A16,逐记录数据!$B$2:$B$1401,$B16) -> 1 | I16: =AVERAGEIFS(逐记录数据!$J$2:$J$1401,逐记录数据!$A$2:$A$1401,$A16,逐记录数据!$B$2:$B$1401,$B16) -> 0.99
A17: S0 | B17: -14 | C17: =AVERAGEIFS(逐记录数据!$E$2:$E$1401,逐记录数据!$A$2:$A$1401,$A17,逐记录数据!$B$2:$B$1401,$B17) -> 0.87176287 | D17: =AVERAGEIFS(逐记录数据!$F$2:$F$1401,逐记录数据!$A$2:$A$1401,$A17,逐记录数据!$B$2:$B$1401,$B17) -> 0.95746937 | E17: =AVERAGEIFS(逐记录数据!$G$2:$G$1401,逐记录数据!$A$2:$A$1401,$A17,逐记录数据!$B$2:$B$1401,$B17) -> 0.9439972 | F17: =AVERAGEIFS(逐记录数据!$H$2:$H$1401,逐记录数据!$A$2:$A$1401,$A17,逐记录数据!$B$2:$B$1401,$B17) -> 0.94739494 | G17: =D17-E17 -> 0.01347217 | H17: =AVERAGEIFS(逐记录数据!$I$2:$I$1401,逐记录数据!$A$2:$A$1401,$A17,逐记录数据!$B$2:$B$1401,$B17) -> 1 | I17: =AVERAGEIFS(逐记录数据!$J$2:$J$1401,逐记录数据!$A$2:$A$1401,$A17,逐记录数据!$B$2:$B$1401,$B17) -> 1
A18: S0 | B18: -12 | C18: =AVERAGEIFS(逐记录数据!$E$2:$E$1401,逐记录数据!$A$2:$A$1401,$A18,逐记录数据!$B$2:$B$1401,$B18) -> 0.94521503 | D18: =AVERAGEIFS(逐记录数据!$F$2:$F$1401,逐记录数据!$A$2:$A$1401,$A18,逐记录数据!$B$2:$B$1401,$B18) -> 0.97141895 | E18: =AVERAGEIFS(逐记录数据!$G$2:$G$1401,逐记录数据!$A$2:$A$1401,$A18,逐记录数据!$B$2:$B$1401,$B18) -> 0.96481949 | F18: =AVERAGEIFS(逐记录数据!$H$2:$H$1401,逐记录数据!$A$2:$A$1401,$A18,逐记录数据!$B$2:$B$1401,$B18) -> 0.96781397 | G18: =D18-E18 -> 0.0065994675 | H18: =AVERAGEIFS(逐记录数据!$I$2:$I$1401,逐记录数据!$A$2:$A$1401,$A18,逐记录数据!$B$2:$B$1401,$B18) -> 1 | I18: =AVERAGEIFS(逐记录数据!$J$2:$J$1401,逐记录数据!$A$2:$A$1401,$A18,逐记录数据!$B$2:$B$1401,$B18) -> 1
A19: S0 | B19: -10 | C19: =AVERAGEIFS(逐记录数据!$E$2:$E$1401,逐记录数据!$A$2:$A$1401,$A19,逐记录数据!$B$2:$B$1401,$B19) -> 0.97054979 | D19: =AVERAGEIFS(逐记录数据!$F$2:$F$1401,逐记录数据!$A$2:$A$1401,$A19,逐记录数据!$B$2:$B$1401,$B19) -> 0.98006666 | E19: =AVERAGEIFS(逐记录数据!$G$2:$G$1401,逐记录数据!$A$2:$A$1401,$A19,逐记录数据!$B$2:$B$1401,$B19) -> 0.97713403 | F19: =AVERAGEIFS(逐记录数据!$H$2:$H$1401,逐记录数据!$A$2:$A$1401,$A19,逐记录数据!$B$2:$B$1401,$B19) -> 0.97954522 | G19: =D19-E19 -> 0.0029326315 | H19: =AVERAGEIFS(逐记录数据!$I$2:$I$1401,逐记录数据!$A$2:$A$1401,$A19,逐记录数据!$B$2:$B$1401,$B19) -> 1 | I19: =AVERAGEIFS(逐记录数据!$J$2:$J$1401,逐记录数据!$A$2:$A$1401,$A19,逐记录数据!$B$2:$B$1401,$B19) -> 1
A20: S0 | B20: -8 | C20: =AVERAGEIFS(逐记录数据!$E$2:$E$1401,逐记录数据!$A$2:$A$1401,$A20,逐记录数据!$B$2:$B$1401,$B20) -> 0.98143229 | D20: =AVERAGEIFS(逐记录数据!$F$2:$F$1401,逐记录数据!$A$2:$A$1401,$A20,逐记录数据!$B$2:$B$1401,$B20) -> 0.98607691 | E20: =AVERAGEIFS(逐记录数据!$G$2:$G$1401,逐记录数据!$A$2:$A$1401,$A20,逐记录数据!$B$2:$B$1401,$B20) -> 0.98458581 | F20: =AVERAGEIFS(逐记录数据!$H$2:$H$1401,逐记录数据!$A$2:$A$1401,$A20,逐记录数据!$B$2:$B$1401,$B20) -> 0.98706233 | G20: =D20-E20 -> 0.0014911062 | H20: =AVERAGEIFS(逐记录数据!$I$2:$I$1401,逐记录数据!$A$2:$A$1401,$A20,逐记录数据!$B$2:$B$1401,$B20) -> 1 | I20: =AVERAGEIFS(逐记录数据!$J$2:$J$1401,逐记录数据!$A$2:$A$1401,$A20,逐记录数据!$B$2:$B$1401,$B20) -> 1
A21: S2 | B21: -20 | C21: =AVERAGEIFS(逐记录数据!$E$2:$E$1401,逐记录数据!$A$2:$A$1401,$A21,逐记录数据!$B$2:$B$1401,$B21) -> 0.19934182 | D21: =AVERAGEIFS(逐记录数据!$F$2:$F$1401,逐记录数据!$A$2:$A$1401,$A21,逐记录数据!$B$2:$B$1401,$B21) -> 0.35119783 | E21: =AVERAGEIFS(逐记录数据!$G$2:$G$1401,逐记录数据!$A$2:$A$1401,$A21,逐记录数据!$B$2:$B$1401,$B21) -> 0.37673067 | F21: =AVERAGEIFS(逐记录数据!$H$2:$H$1401,逐记录数据!$A$2:$A$1401,$A21,逐记录数据!$B$2:$B$1401,$B21) -> 0.38665733 | G21: =D21-E21 -> -0.025532843 | H21: =AVERAGEIFS(逐记录数据!$I$2:$I$1401,逐记录数据!$A$2:$A$1401,$A21,逐记录数据!$B$2:$B$1401,$B21) -> 0.55 | I21: =AVERAGEIFS(逐记录数据!$J$2:$J$1401,逐记录数据!$A$2:$A$1401,$A21,逐记录数据!$B$2:$B$1401,$B21) -> 0.27
A22: S2 | B22: -18 | C22: =AVERAGEIFS(逐记录数据!$E$2:$E$1401,逐记录数据!$A$2:$A$1401,$A22,逐记录数据!$B$2:$B$1401,$B22) -> 0.33433202 | D22: =AVERAGEIFS(逐记录数据!$F$2:$F$1401,逐记录数据!$A$2:$A$1401,$A22,逐记录数据!$B$2:$B$1401,$B22) -> 0.56271258 | E22: =AVERAGEIFS(逐记录数据!$G$2:$G$1401,逐记录数据!$A$2:$A$1401,$A22,逐记录数据!$B$2:$B$1401,$B22) -> 0.56960018 | F22: =AVERAGEIFS(逐记录数据!$H$2:$H$1401,逐记录数据!$A$2:$A$1401,$A22,逐记录数据!$B$2:$B$1401,$B22) -> 0.58076399 | G22: =D22-E22 -> -0.0068875967 | H22: =AVERAGEIFS(逐记录数据!$I$2:$I$1401,逐记录数据!$A$2:$A$1401,$A22,逐记录数据!$B$2:$B$1401,$B22) -> 0.9 | I22: =AVERAGEIFS(逐记录数据!$J$2:$J$1401,逐记录数据!$A$2:$A$1401,$A22,逐记录数据!$B$2:$B$1401,$B22) -> 0.65
A23: S2 | B23: -16 | C23: =AVERAGEIFS(逐记录数据!$E$2:$E$1401,逐记录数据!$A$2:$A$1401,$A23,逐记录数据!$B$2:$B$1401,$B23) -> 0.48160647 | D23: =AVERAGEIFS(逐记录数据!$F$2:$F$1401,逐记录数据!$A$2:$A$1401,$A23,逐记录数据!$B$2:$B$1401,$B23) -> 0.67504822 | E23: =AVERAGEIFS(逐记录数据!$G$2:$G$1401,逐记录数据!$A$2:$A$1401,$A23,逐记录数据!$B$2:$B$1401,$B23) -> 0.69283095 | F23: =AVERAGEIFS(逐记录数据!$H$2:$H$1401,逐记录数据!$A$2:$A$1401,$A23,逐记录数据!$B$2:$B$1401,$B23) -> 0.70162516 | G23: =D23-E23 -> -0.017782734 | H23: =AVERAGEIFS(逐记录数据!$I$2:$I$1401,逐记录数据!$A$2:$A$1401,$A23,逐记录数据!$B$2:$B$1401,$B23) -> 0.99 | I23: =AVERAGEIFS(逐记录数据!$J$2:$J$1401,逐记录数据!$A$2:$A$1401,$A23,逐记录数据!$B$2:$B$1401,$B23) -> 0.85
A24: S2 | B24: -14 | C24: =AVERAGEIFS(逐记录数据!$E$2:$E$1401,逐记录数据!$A$2:$A$1401,$A24,逐记录数据!$B$2:$B$1401,$B24) -> 0.63032695 | D24: =AVERAGEIFS(逐记录数据!$F$2:$F$1401,逐记录数据!$A$2:$A$1401,$A24,逐记录数据!$B$2:$B$1401,$B24) -> 0.73956901 | E24: =AVERAGEIFS(逐记录数据!$G$2:$G$1401,逐记录数据!$A$2:$A$1401,$A24,逐记录数据!$B$2:$B$1401,$B24) -> 0.76174873 | F24: =AVERAGEIFS(逐记录数据!$H$2:$H$1401,逐记录数据!$A$2:$A$1401,$A24,逐记录数据!$B$2:$B$1401,$B24) -> 0.76918017 | G24: =D24-E24 -> -0.022179714 | H24: =AVERAGEIFS(逐记录数据!$I$2:$I$1401,逐记录数据!$A$2:$A$1401,$A24,逐记录数据!$B$2:$B$1401,$B24) -> 1 | I24: =AVERAGEIFS(逐记录数据!$J$2:$J$1401,逐记录数据!$A$2:$A$1401,$A24,逐记录数据!$B$2:$B$1401,$B24) -> 0.95
A25: S2 | B25: -12 | C25: =AVERAGEIFS(逐记录数据!$E$2:$E$1401,逐记录数据!$A$2:$A$1401,$A25,逐记录数据!$B$2:$B$1401,$B25) -> 0.7183352 | D25: =AVERAGEIFS(逐记录数据!$F$2:$F$1401,逐记录数据!$A$2:$A$1401,$A25,逐记录数据!$B$2:$B$1401,$B25) -> 0.76888145 | E25: =AVERAGEIFS(逐记录数据!$G$2:$G$1401,逐记录数据!$A$2:$A$1401,$A25,逐记录数据!$B$2:$B$1401,$B25) -> 0.78914348 | F25: =AVERAGEIFS(逐记录数据!$H$2:$H$1401,逐记录数据!$A$2:$A$1401,$A25,逐记录数据!$B$2:$B$1401,$B25) -> 0.7993364 | G25: =D25-E25 -> -0.02026203 | H25: =AVERAGEIFS(逐记录数据!$I$2:$I$1401,逐记录数据!$A$2:$A$1401,$A25,逐记录数据!$B$2:$B$1401,$B25) -> 1 | I25: =AVERAGEIFS(逐记录数据!$J$2:$J$1401,逐记录数据!$A$2:$A$1401,$A25,逐记录数据!$B$2:$B$1401,$B25) -> 0.98
... A27: S2 | B27: -8 | C27: =AVERAGEIFS(逐记录数据!$E$2:$E$1401,逐记录数据!$A$2:$A$1401,$A27,逐记录数据!$B$2:$B$1401,$B27) -> 0.7634047 | D27: =AVERAGEIFS(逐记录数据!$F$2:$F$1401,逐记录数据!$A$2:$A$1401,$A27,逐记录数据!$B$2:$B$1401,$B27) -> 0.80940958 | E27: =AVERAGEIFS(逐记录数据!$G$2:$G$1401,逐记录数据!$A$2:$A$1401,$A27,逐记录数据!$B$2:$B$1401,$B27) -> 0.81812452 | F27: =AVERAGEIFS(逐记录数据!$H$2:$H$1401,逐记录数据!$A$2:$A$1401,$A27,逐记录数据!$B$2:$B$1401,$B27) -> 0.83247261 | G27: =D27-E27 -> -0.0087149389 | H27: =AVERAGEIFS(逐记录数据!$I$2:$I$1401,逐记录数据!$A$2:$A$1401,$A27,逐记录数据!$B$2:$B$1401,$B27) -> 1 | I27: =AVERAGEIFS(逐记录数据!$J$2:$J$1401,逐记录数据!$A$2:$A$1401,$A27,逐记录数据!$B$2:$B$1401,$B27) -> 1

Sheet 实测对比
A1: SWellEx-96 实测：各链路的绝对谱峰
A2: 数值取自 phaseD/X3_real/X3_cases.csv 的 peak_relative_periodogram_db（以同一案例未补偿周期图在 ±1.5 Hz 搜索带内最大值为 0 dB）。
A4: 频点/Hz | B4: 时段/s | C4: LPS | D4: VIT–LPS+模块 | E4: PC-TBD | F4: 差值（模块链路 − PC-TBD）/dB | G4: PC-TBD+模块 | H4: VIT 前端状态（修订稿表 6）
A5: 100 | B5: 600–900 | C5: 1.9198 | D5: 3.8141 | E5: 4.2348 | F5: =D5-E5 -> -0.4207 | G5: 4.2451 | H5: 沿筛选脊线
A6: 100 | B6: 900–1200 | C6: 3.6004 | D6: 5.3441 | E6: 5.3331 | F6: =D6-E6 -> 0.011 | G6: 5.3397 | H6: 沿筛选脊线
A7: 100 | B7: 1200–1500 | C7: 8.3236 | D7: 9.4155 | E7: 9.3704 | F7: =D7-E7 -> 0.0451 | G7: 9.5135 | H7: 沿筛选脊线
A8: 100 | B8: 1500–1800 | C8: 3.116 | D8: 4.1425 | E8: 4.4002 | F8: =D8-E8 -> -0.2577 | G8: 4.4655 | H8: 沿筛选脊线
A9: 100 | B9: 1800–2100 | C9: 1.8284 | D9: 4.5705 | E9: 4.5817 | F9: =D9-E9 -> -0.0112 | G9: 4.724 | H9: 沿筛选脊线
A10: 133 | B10: 1200–1500 | C10: -0.7839 | D10: 2.1316 | E10: 8.1636 | F10: =D10-E10 -> -6.032 | G10: 8.1892 | H10: 停在频带下沿（丢线）
A11: 121 | B11: 0–300 | C11: -3.4187 | D11: -3.3028 | E11: 6.8563 | F11: =D11-E11 -> -10.1591 | G11: 7.172 | H11: 停在频带上沿（丢线）
A13: 100 Hz 五段 | B13: 中位数 | C13: =MEDIAN(C5:C9) -> 3.116 | D13: =MEDIAN(D5:D9) -> 4.5705 | E13: =MEDIAN(E5:E9) -> 4.5817 | F13: =MEDIAN(F5:F9) -> -0.0112 | G13: =MEDIAN(G5:G9) -> 4.724
A15: 列名对应仓库方法代码：LPS = SMR，VIT–LPS+模块 = VS_FM（含自适应扩张），PC-TBD = SUV，PC-TBD+模块 = SUV_FM。

Sheet 耗时
A1: 300 s 记录的中位耗时（X2，1400 条，6 进程并发墙钟时间）
A4: 链路 | B4: 前端中位耗时/s | C4: 模块中位耗时/s | D4: 链路合计/s
A5: VIT–LPS+模块 | B5: =MEDIAN(逐记录数据!$S$2:$S$1401) -> 0.59519825 | C5: =MEDIAN(逐记录数据!$Q$2:$Q$1401) -> 2.3876736 | D5: =B5+C5 -> 2.9828718
A6: PC-TBD+模块 | B6: =MEDIAN(逐记录数据!$T$2:$T$1401) -> 0.8141479 | C6: =MEDIAN(逐记录数据!$R$2:$R$1401) -> 2.1308593 | D6: =B6+C6 -> 2.9450072
A7: PC-TBD 单独 | B7: =MEDIAN(逐记录数据!$T$2:$T$1401) -> 0.8141479 | C7: 0 | D7: =B7+C7 -> 0.8141479
A9: 前端耗时含共用的分帧匹配与噪声尺度估计；链路合计为两个中位数之和，与逐条合计的中位数略有差别。

Sheet 逐记录数据
A1: 场景 | B1: 信噪比/dB | C1: 记录编号 | D1: 随机种子 | E1: VIT–LPS 修正前 η | F1: VIT–LPS+模块 η | G1: PC-TBD η | H1: PC-TBD+模块 η | I1: VIT–LPS 跟住(1/0) | J1: PC-TBD 跟住(1/0) | K1: 跟住分组 | L1: VIT–LPS+模块 − PC-TBD | M1: 共用分帧耗时/s | N1: VIT 耗时/s | O1: LPS 耗时/s | P1: PC-TBD 耗时/s | Q1: 模块耗时(接 VIT–LPS)/s | R1: 模块耗时(接 PC-TBD)/s | S1: VIT–LPS 前端合计/s | T1: PC-TBD 前端合计/s
A2: S0 | B2: -20 | C2: 1 | D2: 74270916 | E2: 0.012102496 | F2: 0.01098324 | G2: 0.52759213 | H2: 0.53787147 | I2: 0 | J2: 1 | K2: =IF(AND(I2=1,J2=1),"两者都跟住",IF(AND(I2=0,J2=1),"仅 PC-TBD 跟住",IF(AND(I2=1,J2=0),"仅 VIT-LPS 跟住","都没跟住"))) -> 仅 PC-TBD 跟住 | L2: =F2-G2 -> -0.51660889 | M2: 0.9608383 | N2: 0.4484307 | O2: 4.801817 | P2: 0.9465339 | Q2: 6.0239724 | R2: 3.5258799 | S2: =M2+N2+O2 -> 6.211086 | T2: =M2+P2 -> 1.9073722
A3: S0 | B3: -20 | C3: 2 | D3: 74270917 | E3: 0.017225704 | F3: 0.015273059 | G3: 0.59755901 | H3: 0.58079466 | I3: 0 | J3: 1 | K3: =IF(AND(I3=1,J3=1),"两者都跟住",IF(AND(I3=0,J3=1),"仅 PC-TBD 跟住",IF(AND(I3=1,J3=0),"仅 VIT-LPS 跟住","都没跟住"))) -> 仅 PC-TBD 跟住 | L3: =F3-G3 -> -0.58228595 | M3: 0.9564562 | N3: 0.4501865 | O3: 4.7845485 | P3: 1.1592206 | Q3: 6.2772088 | R3: 2.6053011 | S3: =M3+N3+O3 -> 6.1911912 | T3: =M3+P3 -> 2.1156768
A4: S0 | B4: -20 | C4: 3 | D4: 74270918 | E4: 0.013917428 | F4: 0.012105889 | G4: 0.38230473 | H4: 0.38622473 | I4: 0 | J4: 1 | K4: =IF(AND(I4=1,J4=1),"两者都跟住",IF(AND(I4=0,J4=1),"仅 PC-TBD 跟住",IF(AND(I4=1,J4=0),"仅 VIT-LPS 跟住","都没跟住"))) -> 仅 PC-TBD 跟住 | L4: =F4-G4 -> -0.37019884 | M4: 0.9576839 | N4: 0.4500238 | O4: 4.7863051 | P4: 1.1201996 | Q4: 5.1184558 | R4: 4.1705291 | S4: =M4+N4+O4 -> 6.1940128 | T4: =M4+P4 -> 2.0778835
A5: S0 | B5: -20 | C5: 4 | D5: 74270919 | E5: 0.017680581 | F5: 0.023157997 | G5: 0.72833543 | H5: 0.76025929 | I5: 0 | J5: 1 | K5: =IF(AND(I5=1,J5=1),"两者都跟住",IF(AND(I5=0,J5=1),"仅 PC-TBD 跟住",IF(AND(I5=1,J5=0),"仅 VIT-LPS 跟住","都没跟住"))) -> 仅 PC-TBD 跟住 | L5: =F5-G5 -> -0.70517743 | M5: 0.9403815 | N5: 0.4734887 | O5: 4.7943145 | P5: 0.9460576 | Q5: 6.5264554 | R5: 3.0853848 | S5: =M5+N5+O5 -> 6.2081847 | T5: =M5+P5 -> 1.8864391
A6: S0 | B6: -20 | C6: 5 | D6: 74270920 | E6: 0.013125206 | F6: 0.019700439 | G6: 0.54598565 | H6: 0.55619415 | I6: 0 | J6: 1 | K6: =IF(AND(I6=1,J6=1),"两者都跟住",IF(AND(I6=0,J6=1),"仅 PC-TBD 跟住",IF(AND(I6=1,J6=0),"仅 VIT-LPS 跟住","都没跟住"))) -> 仅 PC-TBD 跟住 | L6: =F6-G6 -> -0.52628521 | M6: 0.8871358 | N6: 0.5283882 | O6: 4.7874004 | P6: 0.9563196 | Q6: 9.5248609 | R6: 3.2127996 | S6: =M6+N6+O6 -> 6.2029244 | T6: =M6+P6 -> 1.8434554
A7: S0 | B7: -20 | C7: 6 | D7: 74270921 | E7: 0.017388511 | F7: 0.020033241 | G7: 0.54677522 | H7: 0.53702098 | I7: 0 | J7: 1 | K7: =IF(AND(I7=1,J7=1),"两者都跟住",IF(AND(I7=0,J7=1),"仅 PC-TBD 跟住",IF(AND(I7=1,J7=0),"仅 VIT-LPS 跟住","都没跟住"))) -> 仅 PC-TBD 跟住 | L7: =F7-G7 -> -0.52674198 | M7: 0.9741426 | N7: 0.441515 | O7: 4.7743243 | P7: 0.9702023 | Q7: 6.3096409 | R7: 4.1933897 | S7: =M7+N7+O7 -> 6.1899819 | T7: =M7+P7 -> 1.9443449
A8: S0 | B8: -20 | C8: 7 | D8: 74270922 | E8: 0.41558754 | F8: 0.88842946 | G8: 0.79092236 | H8: 0.80214471 | I8: 1 | J8: 1 | K8: =IF(AND(I8=1,J8=1),"两者都跟住",IF(AND(I8=0,J8=1),"仅 PC-TBD 跟住",IF(AND(I8=1,J8=0),"仅 VIT-LPS 跟住","都没跟住"))) -> 两者都跟住 | L8: =F8-G8 -> 0.097507099 | M8: 0.2504968 | N8: 0.1811916 | O8: 0.4118508 | P8: 0.6856143 | Q8: 7.1439227 | R8: 2.010909 | S8: =M8+N8+O8 -> 0.8435392 | T8: =M8+P8 -> 0.9361111
A9: S0 | B9: -20 | C9: 8 | D9: 74270923 | E9: 0.38285061 | F9: 0.85921748 | G9: 0.69286175 | H9: 0.7314154 | I9: 1 | J9: 1 | K9: =IF(AND(I9=1,J9=1),"两者都跟住",IF(AND(I9=0,J9=1),"仅 PC-TBD 跟住",IF(AND(I9=1,J9=0),"仅 VIT-LPS 跟住","都没跟住"))) -> 两者都跟住 | L9: =F9-G9 -> 0.16635573 | M9: 0.2076259 | N9: 0.1251198 | O9: 0.3902786 | P9: 0.5688921 | Q9: 2.2215157 | R9: 2.1725767 | S9: =M9+N9+O9 -> 0.7230243 | T9: =M9+P9 -> 0.776518
A10: S0 | B10: -20 | C10: 9 | D10: 74270924 | E10: 0.022242994 | F10: 0.036779189 | G10: 0.58944246 | H10: 0.61825701 | I10: 0 | J10: 1 | K10: =IF(AND(I10=1,J10=1),"两者都跟住",IF(AND(I10=0,J10=1),"仅 PC-TBD 跟住",IF(AND(I10=1,J10=0),"仅 VIT-LPS 跟住","都没跟住"))) -> 仅 PC-TBD 跟住 | L10: =F10-G10 -> -0.55266327 | M10: 0.2437708 | N10: 0.1523622 | O10: 0.501088 | P10: 0.6128115 | Q10: 6.7186624 | R10: 2.1476202 | S10: =M10+N10+O10 -> 0.897221 | T10: =M10+P10 -> 0.8565823
A11: S0 | B11: -20 | C11: 10 | D11: 74270925 | E11: 0.020307959 | F11: 0.012201652 | G11: 0.41293026 | H11: 0.43465288 | I11: 0 | J11: 1 | K11: =IF(AND(I11=1,J11=1),"两者都跟住",IF(AND(I11=0,J11=1),"仅 PC-TBD 跟住",IF(AND(I11=1,J11=0),"仅 VIT-LPS 跟住","都没跟住"))) -> 仅 PC-TBD 跟住 | L11: =F11-G11 -> -0.40072861 | M11: 0.2301 | N11: 0.1542407 | O11: 0.4655236 | P11: 0.6620011 | Q11: 6.0165152 | R11: 1.6777504 | S11: =M11+N11+O11 -> 0.8498643 | T11: =M11+P11 -> 0.8921011
A12: S0 | B12: -20 | C12: 11 | D12: 74270926 | E12: 0.012486608 | F12: 0.014247988 | G12: 0.21845238 | H12: 0.2251616 | I12: 0 | J12: 0 | K12: =IF(AND(I12=1,J12=1),"两者都跟住",IF(AND(I12=0,J12=1),"仅 PC-TBD 跟住",IF(AND(I12=1,J12=0),"仅 VIT-LPS 跟住","都没跟住"))) -> 都没跟住 | L12: =F12-G12 -> -0.20420439 | M12: 0.3236525 | N12: 0.2031285 | O12: 0.532548 | P12: 1.0775688 | Q12: 8.5894008 | R12: 2.982436 | S12: =M12+N12+O12 -> 1.059329 | T12: =M12+P12 -> 1.4012213
A13: S0 | B13: -20 | C13: 12 | D13: 74270927 | E13: 0.01561877 | F13: 0.011834208 | G13: 0.44532916 | H13: 0.46232482 | I13: 0 | J13: 0 | K13: =IF(AND(I13=1,J13=1),"两者都跟住",IF(AND(I13=0,J13=1),"仅 PC-TBD 跟住",IF(AND(I13=1,J13=0),"仅 VIT-LPS 跟住","都没跟住"))) -> 都没跟住 | L13: =F13-G13 -> -0.43349495 | M13: 0.3624401 | N13: 0.1519546 | O13: 0.484349 | P13: 1.0733681 | Q13: 4.5751526 | R13: 3.9434931 | S13: =M13+N13+O13 -> 0.9987437 | T13: =M13+P13 -> 1.4358082
... A1401: S2 | B1401: -8 | C1401: 100 | D1401: 74291015 | E1401: 0.77188874 | F1401: 0.80087544 | G1401: 0.80546933 | H1401: 0.82560786 | I1401: 1 | J1401: 1 | K1401: =IF(AND(I1401=1,J1401=1),"两者都跟住",IF(AND(I1401=0,J1401=1),"仅 PC-TBD 跟住",IF(AND(I1401=1,J1401=0),"仅 VIT-LPS 跟住","都没跟住"))) -> 两者都跟住 | L1401: =F1401-G1401 -> -0.0045938814 | M1401: 0.1350805 | N1401: 0.1017789 | O1401: 0.1540446 | P1401: 0.4056012 | Q1401: 1.5214711 | R1401: 1.5074285 | S1401: =M1401+N1401+O1401 -> 0.390904 | T1401: =M1401+P1401 -> 0.5406817

Sheet 说明
A1: 数据来源、定义与图例
A3: 项目 | B3: 内容
A4: 数据来源 | B4: GitHub 仓库 PaperDiamond448/acoustic-trajectory-autofocus-paper：phaseD/X2_frontend/X2_records.csv（仿真跨前端实验），phaseD/X3_real/X3_cases.csv（实测）。仓库文件未作任何改动。
A5: 前端代码 | B5: VS = VIT–LPS（主链路），SUV = 本文单通道相位连续 TBD（含相位差频率读出）。"模块"指完整修正方法（含自适应扩张，ADA_local_c04_t30_A）。
A6: η | B6: 相干效率（修订稿式 6），仿真中由已知目标分量计算。
A7: 跟住判据 | B7: input_usable：去掉平均偏差后，至少 90% 的时间与真实轨迹相差不超过 0.1 Hz。见仓库 codeX/phaseX2_one.m。
A8: 仿真设置 | B8: 300 s 记录；场景 S0 无干扰、S2 局部邻频干扰；信噪比 −20 至 −8 dB，间隔 2 dB；每场景 100 个种子，种子在各信噪比下共用。
A9: 统计口径 | B9: 本工作簿均为记录加权平均；X2 各单元记录数相同，因此与论文的等权单元平均一致。重抽样区间在 Python 中计算后作为固定值填入。
A10: 局限 | B10: 按跟住与否分组用到仿真真值，属事后描述性分解，正文中应与总平均一并报告。积累时长下的 PC-TBD 对比尚未做。
A11: 颜色图例 | B11: 蓝色字 = 从 CSV 或修订稿直接取的值；黑色字 = 公式；浅黄底 = 关键结果；浅蓝底 = 汇总行。
